-- PSL — Seed data v1 (prototype)
-- Statements représentatifs basés sur positions publiques connues des orateurs.
-- Ce sont des formulations reconstituées à des fins de test — pas des verbatims certifiés.
-- Sources : séances plénières de la Chambre des représentants, 2025–2026.

-- ============================================================
-- SPEAKERS
-- ============================================================

insert into speakers (id, full_name, function, party, status) values
  ('a0000001-0000-0000-0000-000000000001', 'Bart De Wever',         'Premier ministre',                      'N-VA',          'active'),
  ('a0000001-0000-0000-0000-000000000002', 'Georges-Louis Bouchez', 'Président du MR, Député fédéral',       'MR',            'active'),
  ('a0000001-0000-0000-0000-000000000003', 'Paul Magnette',         'Président du PS, Député fédéral',       'PS',            'active'),
  ('a0000001-0000-0000-0000-000000000004', 'Raoul Hedebouw',        'Président du PTB, Député fédéral',      'PTB',           'active'),
  ('a0000001-0000-0000-0000-000000000005', 'Maxime Prévot',         'Président des Engagés, Député fédéral', 'Les Engagés',   'active'),
  ('a0000001-0000-0000-0000-000000000006', 'Frank Vandenbroucke',   'Ministre de la Santé publique',         'Vooruit',       'active'),
  ('a0000001-0000-0000-0000-000000000007', 'Ahmed Laaouej',         'Chef de groupe PS à la Chambre',        'PS',            'active'),
  ('a0000001-0000-0000-0000-000000000008', 'David Clarinval',       'Ministre du Budget',                    'MR',            'active');

-- ============================================================
-- SOURCES
-- ============================================================

insert into sources (id, label, source_type, url, session_date) values
  ('b0000001-0000-0000-0000-000000000001', 'Séance plénière Chambre — 15 octobre 2025',        'official', 'https://www.lachambre.be/kvvcr/showpage.cfm?section=plen&language=fr&cfm=plen.cfm?date=15102025', '2025-10-15'),
  ('b0000001-0000-0000-0000-000000000002', 'Séance plénière Chambre — 12 novembre 2025',       'official', 'https://www.lachambre.be/kvvcr/showpage.cfm?section=plen&language=fr&cfm=plen.cfm?date=12112025', '2025-11-12'),
  ('b0000001-0000-0000-0000-000000000003', 'Commission spéciale Budget — 18 novembre 2025',    'official', 'https://www.lachambre.be/kvvcr/showpage.cfm?section=comm&language=fr',                           '2025-11-18'),
  ('b0000001-0000-0000-0000-000000000004', 'Séance plénière Chambre — 10 décembre 2025',       'official', 'https://www.lachambre.be/kvvcr/showpage.cfm?section=plen&language=fr&cfm=plen.cfm?date=10122025', '2025-12-10'),
  ('b0000001-0000-0000-0000-000000000005', 'Commission de la Santé publique — 3 décembre 2025','official', 'https://www.lachambre.be/kvvcr/showpage.cfm?section=comm&language=fr',                           '2025-12-03'),
  ('b0000001-0000-0000-0000-000000000006', 'Séance plénière Chambre — 21 janvier 2026',        'official', 'https://www.lachambre.be/kvvcr/showpage.cfm?section=plen&language=fr&cfm=plen.cfm?date=21012026', '2026-01-21'),
  ('b0000001-0000-0000-0000-000000000007', 'Commission des Finances — 28 janvier 2026',        'official', 'https://www.lachambre.be/kvvcr/showpage.cfm?section=comm&language=fr',                           '2026-01-28'),
  ('b0000001-0000-0000-0000-000000000008', 'Séance plénière Chambre — 5 février 2026',         'official', 'https://www.lachambre.be/kvvcr/showpage.cfm?section=plen&language=fr&cfm=plen.cfm?date=05022026', '2026-02-05'),
  ('b0000001-0000-0000-0000-000000000009', 'Séance plénière Chambre — 18 février 2026',        'official', 'https://www.lachambre.be/kvvcr/showpage.cfm?section=plen&language=fr&cfm=plen.cfm?date=18022026', '2026-02-18'),
  ('b0000001-0000-0000-0000-000000000010', 'Commission des Affaires sociales — 4 décembre 2025','official', 'https://www.lachambre.be/kvvcr/showpage.cfm?section=comm&language=fr',                          '2025-12-04');

-- ============================================================
-- STATEMENTS — Bart De Wever
-- ============================================================

insert into statements (id, speaker_id, source_id, statement_date, extracted_text, assertion_type, verifiability, raw_context, source_url, status) values

('c0000001-0000-0000-0000-000000000001',
 'a0000001-0000-0000-0000-000000000001',
 'b0000001-0000-0000-0000-000000000001',
 '2025-10-15',
 'Le déficit structurel belge atteint 5,6% du PIB, ce qui place la Belgique parmi les États membres de la zone euro les plus exposés à une procédure de déficit excessif.',
 'fact_claim', 'strong',
 'Le Premier ministre répondait à une question d''ordre sur l''état des finances publiques lors de la séance plénière d''octobre.',
 'https://www.lachambre.be/kvvcr/showpage.cfm?section=plen&language=fr&cfm=plen.cfm?date=15102025',
 'active'),

('c0000001-0000-0000-0000-000000000002',
 'a0000001-0000-0000-0000-000000000001',
 'b0000001-0000-0000-0000-000000000001',
 '2025-10-15',
 'Nous nous engageons à ramener le déficit budgétaire sous le seuil des 3% du PIB d''ici la fin de cette législature, c''est-à-dire avant 2029.',
 'promise', 'strong',
 'En réponse aux critiques de l''opposition sur la trajectoire budgétaire du gouvernement Arizona.',
 'https://www.lachambre.be/kvvcr/showpage.cfm?section=plen&language=fr&cfm=plen.cfm?date=15102025',
 'active'),

('c0000001-0000-0000-0000-000000000003',
 'a0000001-0000-0000-0000-000000000001',
 'b0000001-0000-0000-0000-000000000002',
 '2025-11-12',
 'La Belgique portera ses dépenses de défense à 2% du PIB d''ici 2035, conformément aux engagements pris envers nos partenaires de l''OTAN.',
 'promise', 'strong',
 'Déclaration lors du débat sur le budget de la défense nationale pour l''exercice 2026.',
 'https://www.lachambre.be/kvvcr/showpage.cfm?section=plen&language=fr&cfm=plen.cfm?date=12112025',
 'active'),

('c0000001-0000-0000-0000-000000000004',
 'a0000001-0000-0000-0000-000000000001',
 'b0000001-0000-0000-0000-000000000003',
 '2025-11-18',
 'Les dépenses primaires de l''État fédéral ont progressé de 4,7 milliards d''euros en termes réels depuis 2019, hors mesures covid.',
 'fact_claim', 'strong',
 'Lors de l''audition en Commission spéciale Budget sur les orientations de l''accord de gouvernement.',
 'https://www.lachambre.be/kvvcr/showpage.cfm?section=comm&language=fr',
 'active'),

('c0000001-0000-0000-0000-000000000005',
 'a0000001-0000-0000-0000-000000000001',
 'b0000001-0000-0000-0000-000000000006',
 '2026-01-21',
 'Cette réforme des pensions permettra de dégager 1,9 milliard d''euros d''économies structurelles à l''horizon 2030, selon les projections du Bureau du Plan.',
 'fact_claim', 'strong',
 'Présentation des grandes lignes de la réforme des pensions devant la Chambre.',
 'https://www.lachambre.be/kvvcr/showpage.cfm?section=plen&language=fr&cfm=plen.cfm?date=21012026',
 'active'),

('c0000001-0000-0000-0000-000000000006',
 'a0000001-0000-0000-0000-000000000001',
 'b0000001-0000-0000-0000-000000000008',
 '2026-02-05',
 'Nous maintiendrons intégralement le mécanisme d''indexation automatique des salaires — c''est une ligne rouge pour notre gouvernement.',
 'promise', 'strong',
 'En réponse à des questions sur les rumeurs de révision du système d''indexation.',
 'https://www.lachambre.be/kvvcr/showpage.cfm?section=plen&language=fr&cfm=plen.cfm?date=05022026',
 'active'),

-- ============================================================
-- STATEMENTS — Georges-Louis Bouchez
-- ============================================================

('c0000001-0000-0000-0000-000000000007',
 'a0000001-0000-0000-0000-000000000002',
 'b0000001-0000-0000-0000-000000000001',
 '2025-10-15',
 'La Belgique est le pays qui taxe le travail le plus lourdement en Europe, avec un taux implicite sur le travail supérieur à 52% selon les données d''Eurostat.',
 'fact_claim', 'strong',
 'Intervention de G.-L. Bouchez lors du débat sur la compétitivité de l''économie belge.',
 'https://www.lachambre.be/kvvcr/showpage.cfm?section=plen&language=fr&cfm=plen.cfm?date=15102025',
 'active'),

('c0000001-0000-0000-0000-000000000008',
 'a0000001-0000-0000-0000-000000000002',
 'b0000001-0000-0000-0000-000000000003',
 '2025-11-18',
 'Le nombre de personnes en incapacité de travail de longue durée a doublé en dix ans pour atteindre plus de 520 000 bénéficiaires aujourd''hui.',
 'fact_claim', 'strong',
 'Lors de la commission Budget, en réponse à une interpellation sur les dépenses sociales.',
 'https://www.lachambre.be/kvvcr/showpage.cfm?section=comm&language=fr',
 'active'),

('c0000001-0000-0000-0000-000000000009',
 'a0000001-0000-0000-0000-000000000002',
 'b0000001-0000-0000-0000-000000000004',
 '2025-12-10',
 'Nous devons réduire la pression fiscale sur le travail d''au moins 5 milliards d''euros sur la législature pour redevenir compétitifs face à nos voisins.',
 'promise', 'strong',
 'Déclaration lors du débat budgétaire de décembre 2025.',
 'https://www.lachambre.be/kvvcr/showpage.cfm?section=plen&language=fr&cfm=plen.cfm?date=10122025',
 'active'),

('c0000001-0000-0000-0000-000000000010',
 'a0000001-0000-0000-0000-000000000002',
 'b0000001-0000-0000-0000-000000000004',
 '2025-12-10',
 'Le coût du vieillissement de la population représentera 5,7 points de PIB supplémentaires d''ici 2070, selon les projections officielles du Bureau fédéral du Plan.',
 'fact_claim', 'strong',
 'Argumentation à l''appui de la réforme des pensions pendant le débat budgétaire.',
 'https://www.lachambre.be/kvvcr/showpage.cfm?section=plen&language=fr&cfm=plen.cfm?date=10122025',
 'active'),

('c0000001-0000-0000-0000-000000000011',
 'a0000001-0000-0000-0000-000000000002',
 'b0000001-0000-0000-0000-000000000007',
 '2026-01-28',
 'Le MR ne soutiendra aucune hausse de la fiscalité sur les revenus du capital qui nuirait à l''attractivité de la Belgique pour les investisseurs étrangers.',
 'promise', 'strong',
 'Commission des Finances, lors du débat sur la mise en œuvre de la directive Pilier 2 de l''OCDE.',
 'https://www.lachambre.be/kvvcr/showpage.cfm?section=comm&language=fr',
 'active'),

('c0000001-0000-0000-0000-000000000012',
 'a0000001-0000-0000-0000-000000000002',
 'b0000001-0000-0000-0000-000000000009',
 '2026-02-18',
 'La réforme du marché du travail que nous portons permettra à 50 000 personnes supplémentaires de réintégrer l''emploi d''ici 2027.',
 'promise', 'strong',
 'Déclaration en séance plénière lors du débat sur l''activation des chômeurs de longue durée.',
 'https://www.lachambre.be/kvvcr/showpage.cfm?section=plen&language=fr&cfm=plen.cfm?date=18022026',
 'active'),

-- ============================================================
-- STATEMENTS — Paul Magnette
-- ============================================================

('c0000001-0000-0000-0000-000000000013',
 'a0000001-0000-0000-0000-000000000003',
 'b0000001-0000-0000-0000-000000000001',
 '2025-10-15',
 'En Belgique, les 1% des ménages les plus aisés détiennent autant de patrimoine que les 60% les moins aisés réunis.',
 'fact_claim', 'strong',
 'Interpellation de P. Magnette sur les inégalités patrimoniales lors de la séance plénière.',
 'https://www.lachambre.be/kvvcr/showpage.cfm?section=plen&language=fr&cfm=plen.cfm?date=15102025',
 'active'),

('c0000001-0000-0000-0000-000000000014',
 'a0000001-0000-0000-0000-000000000003',
 'b0000001-0000-0000-0000-000000000002',
 '2025-11-12',
 'Cette réforme des pensions va systématiquement pénaliser les femmes et les travailleurs à temps partiel, qui ont des carrières heurtées.',
 'other', 'strong',
 'Prise de position du PS contre la réforme des pensions gouvernementale.',
 'https://www.lachambre.be/kvvcr/showpage.cfm?section=plen&language=fr&cfm=plen.cfm?date=12112025',
 'active'),

('c0000001-0000-0000-0000-000000000015',
 'a0000001-0000-0000-0000-000000000003',
 'b0000001-0000-0000-0000-000000000003',
 '2025-11-18',
 'Le gouvernement a décidé de geler la liaison au bien-être des allocations sociales pendant deux ans, ce qui représente une perte de pouvoir d''achat réelle pour les allocataires.',
 'fact_claim', 'strong',
 'Lors de la commission Budget, interpellation sur l''impact social des mesures d''économies.',
 'https://www.lachambre.be/kvvcr/showpage.cfm?section=comm&language=fr',
 'active'),

('c0000001-0000-0000-0000-000000000016',
 'a0000001-0000-0000-0000-000000000003',
 'b0000001-0000-0000-0000-000000000004',
 '2025-12-10',
 'Nous déposerons une proposition de loi instaurant une contribution de solidarité sur les patrimoines nets supérieurs à un million d''euros.',
 'promise', 'strong',
 'Annonce lors du débat budgétaire de décembre, en réponse aux mesures d''économies sociales.',
 'https://www.lachambre.be/kvvcr/showpage.cfm?section=plen&language=fr&cfm=plen.cfm?date=10122025',
 'active'),

('c0000001-0000-0000-0000-000000000017',
 'a0000001-0000-0000-0000-000000000003',
 'b0000001-0000-0000-0000-000000000006',
 '2026-01-21',
 'La précarité énergétique touche désormais près de 15% des ménages belges selon les données de la Fondation Roi Baudouin publiées en 2024.',
 'fact_claim', 'strong',
 'Interpellation sur l''impact de la politique énergétique sur les ménages vulnérables.',
 'https://www.lachambre.be/kvvcr/showpage.cfm?section=plen&language=fr&cfm=plen.cfm?date=21012026',
 'active'),

('c0000001-0000-0000-0000-000000000018',
 'a0000001-0000-0000-0000-000000000003',
 'b0000001-0000-0000-0000-000000000008',
 '2026-02-05',
 'Le PS votera contre ce budget si aucune mesure de redistribution n''est intégrée pour compenser l''effort demandé aux classes moyennes et populaires.',
 'promise', 'strong',
 'Déclaration en amont du vote sur le budget 2026 lors de la séance plénière de février.',
 'https://www.lachambre.be/kvvcr/showpage.cfm?section=plen&language=fr&cfm=plen.cfm?date=05022026',
 'active'),

-- ============================================================
-- STATEMENTS — Raoul Hedebouw
-- ============================================================

('c0000001-0000-0000-0000-000000000019',
 'a0000001-0000-0000-0000-000000000004',
 'b0000001-0000-0000-0000-000000000001',
 '2025-10-15',
 'Les profits nets des entreprises cotées au Bel20 ont atteint 28,3 milliards d''euros en 2024, soit une augmentation de 12% par rapport à 2023.',
 'fact_claim', 'strong',
 'Intervention du PTB lors du débat sur le partage de la valeur ajoutée.',
 'https://www.lachambre.be/kvvcr/showpage.cfm?section=plen&language=fr&cfm=plen.cfm?date=15102025',
 'active'),

('c0000001-0000-0000-0000-000000000020',
 'a0000001-0000-0000-0000-000000000004',
 'b0000001-0000-0000-0000-000000000002',
 '2025-11-12',
 'Un travailleur belge sur trois ne parvient pas à épargner 100 euros par mois après avoir réglé ses charges fixes.',
 'fact_claim', 'strong',
 'Interpellation sur le pouvoir d''achat des ménages lors du débat sur la concertation sociale.',
 'https://www.lachambre.be/kvvcr/showpage.cfm?section=plen&language=fr&cfm=plen.cfm?date=12112025',
 'active'),

('c0000001-0000-0000-0000-000000000021',
 'a0000001-0000-0000-0000-000000000004',
 'b0000001-0000-0000-0000-000000000004',
 '2025-12-10',
 'Le PTB déposera une proposition de loi visant à ramener la durée légale du travail à 32 heures par semaine sans perte de salaire.',
 'promise', 'strong',
 'Annonce lors du débat budgétaire sur les mesures d''emploi du gouvernement Arizona.',
 'https://www.lachambre.be/kvvcr/showpage.cfm?section=plen&language=fr&cfm=plen.cfm?date=10122025',
 'active'),

('c0000001-0000-0000-0000-000000000022',
 'a0000001-0000-0000-0000-000000000004',
 'b0000001-0000-0000-0000-000000000006',
 '2026-01-21',
 'Il n''est pas acceptable que les entreprises distribuent des dividendes records pendant que le gouvernement demande des économies aux travailleurs et aux allocataires.',
 'other', 'strong',
 'Réaction à l''annonce des résultats annuels de plusieurs groupes cotés en bourse.',
 'https://www.lachambre.be/kvvcr/showpage.cfm?section=plen&language=fr&cfm=plen.cfm?date=21012026',
 'active'),

('c0000001-0000-0000-0000-000000000023',
 'a0000001-0000-0000-0000-000000000004',
 'b0000001-0000-0000-0000-000000000007',
 '2026-01-28',
 'Les investissements publics en Belgique représentent 2,3% du PIB, contre une moyenne européenne de 3,1% selon les données de la Commission européenne.',
 'fact_claim', 'strong',
 'Lors de la Commission des Finances, intervention sur l''effort d''investissement de l''État.',
 'https://www.lachambre.be/kvvcr/showpage.cfm?section=comm&language=fr',
 'active'),

('c0000001-0000-0000-0000-000000000024',
 'a0000001-0000-0000-0000-000000000004',
 'b0000001-0000-0000-0000-000000000009',
 '2026-02-18',
 'Ce gouvernement fait payer la crise budgétaire aux travailleurs et aux allocataires, tout en maintenant intacts les avantages fiscaux des grandes fortunes.',
 'other', 'strong',
 'Déclaration en séance plénière lors du vote final sur le budget 2026.',
 'https://www.lachambre.be/kvvcr/showpage.cfm?section=plen&language=fr&cfm=plen.cfm?date=18022026',
 'active'),

-- ============================================================
-- STATEMENTS — Maxime Prévot
-- ============================================================

('c0000001-0000-0000-0000-000000000025',
 'a0000001-0000-0000-0000-000000000005',
 'b0000001-0000-0000-0000-000000000002',
 '2025-11-12',
 'Environ 20% des ménages avec enfants en Belgique sont des familles monoparentales, et six d''entre elles sur dix se trouvent sous le seuil de risque de pauvreté.',
 'fact_claim', 'strong',
 'Intervention lors du débat sur la politique familiale et les allocations familiales.',
 'https://www.lachambre.be/kvvcr/showpage.cfm?section=plen&language=fr&cfm=plen.cfm?date=12112025',
 'active'),

('c0000001-0000-0000-0000-000000000026',
 'a0000001-0000-0000-0000-000000000005',
 'b0000001-0000-0000-0000-000000000004',
 '2025-12-10',
 'Les Engagés s''opposeront à toute mesure qui affaiblirait la protection sociale des personnes les plus vulnérables, sans distinction de conviction politique.',
 'promise', 'strong',
 'Déclaration lors du vote du budget 2026 en décembre 2025.',
 'https://www.lachambre.be/kvvcr/showpage.cfm?section=plen&language=fr&cfm=plen.cfm?date=10122025',
 'active'),

('c0000001-0000-0000-0000-000000000027',
 'a0000001-0000-0000-0000-000000000005',
 'b0000001-0000-0000-0000-000000000006',
 '2026-01-21',
 'Le secteur associatif belge emploie directement plus de 400 000 personnes en équivalents temps plein et contribue à environ 10% du PIB wallon.',
 'fact_claim', 'strong',
 'Interpellation lors du débat sur les subsides au secteur non-marchand.',
 'https://www.lachambre.be/kvvcr/showpage.cfm?section=plen&language=fr&cfm=plen.cfm?date=21012026',
 'active'),

('c0000001-0000-0000-0000-000000000028',
 'a0000001-0000-0000-0000-000000000005',
 'b0000001-0000-0000-0000-000000000008',
 '2026-02-05',
 'Nous soutiendrons la création d''un statut fiscal spécifique pour les aidants proches qui interrompent leur carrière professionnelle.',
 'promise', 'strong',
 'Proposition lors du débat sur les droits sociaux des aidants proches.',
 'https://www.lachambre.be/kvvcr/showpage.cfm?section=plen&language=fr&cfm=plen.cfm?date=05022026',
 'active'),

('c0000001-0000-0000-0000-000000000029',
 'a0000001-0000-0000-0000-000000000005',
 'b0000001-0000-0000-0000-000000000009',
 '2026-02-18',
 'La réforme de l''enseignement en Fédération Wallonie-Bruxelles doit rester une priorité absolue si l''on veut réduire structurellement les inégalités sociales en Belgique.',
 'other', 'strong',
 'Déclaration lors du débat sur la répartition des compétences entre entités fédérées.',
 'https://www.lachambre.be/kvvcr/showpage.cfm?section=plen&language=fr&cfm=plen.cfm?date=18022026',
 'active'),

-- ============================================================
-- STATEMENTS — Frank Vandenbroucke
-- ============================================================

('c0000001-0000-0000-0000-000000000030',
 'a0000001-0000-0000-0000-000000000006',
 'b0000001-0000-0000-0000-000000000005',
 '2025-12-03',
 'L''espérance de vie en bonne santé en Belgique est de 64 ans, soit en moyenne 13 ans de moins que l''espérance de vie totale à la naissance.',
 'fact_claim', 'strong',
 'Présentation du rapport annuel de l''INAMI en commission de la Santé publique.',
 'https://www.lachambre.be/kvvcr/showpage.cfm?section=comm&language=fr',
 'active'),

('c0000001-0000-0000-0000-000000000031',
 'a0000001-0000-0000-0000-000000000006',
 'b0000001-0000-0000-0000-000000000005',
 '2025-12-03',
 'Le taux d''absentéisme pour maladie de longue durée a progressé de plus de 60% en dix ans et représente aujourd''hui un coût de 7,5 milliards d''euros pour la sécurité sociale.',
 'fact_claim', 'strong',
 'Lors de la commission de la Santé publique, présentation des statistiques INAMI 2024.',
 'https://www.lachambre.be/kvvcr/showpage.cfm?section=comm&language=fr',
 'active'),

('c0000001-0000-0000-0000-000000000032',
 'a0000001-0000-0000-0000-000000000006',
 'b0000001-0000-0000-0000-000000000004',
 '2025-12-10',
 'Nous allons investir 1,2 milliard d''euros supplémentaires dans la santé mentale au cours de cette législature, dont 400 millions dès 2026.',
 'promise', 'strong',
 'Annonce lors de la séance plénière de décembre sur les priorités de santé publique.',
 'https://www.lachambre.be/kvvcr/showpage.cfm?section=plen&language=fr&cfm=plen.cfm?date=10122025',
 'active'),

('c0000001-0000-0000-0000-000000000033',
 'a0000001-0000-0000-0000-000000000006',
 'b0000001-0000-0000-0000-000000000006',
 '2026-01-21',
 'La réintégration des malades de longue durée sur le marché du travail doit être accompagnée et volontaire, jamais imposée par la suppression des allocations.',
 'other', 'strong',
 'Clarification de position lors du débat sur la réforme de l''incapacité de travail.',
 'https://www.lachambre.be/kvvcr/showpage.cfm?section=plen&language=fr&cfm=plen.cfm?date=21012026',
 'active'),

('c0000001-0000-0000-0000-000000000034',
 'a0000001-0000-0000-0000-000000000006',
 'b0000001-0000-0000-0000-000000000008',
 '2026-02-05',
 'Les dépenses de santé représentent 10,7% du PIB belge, un niveau comparable à la moyenne de nos pays voisins mais avec une structure de financement plus fragile.',
 'fact_claim', 'strong',
 'Intervention lors du débat sur le budget de la santé 2026.',
 'https://www.lachambre.be/kvvcr/showpage.cfm?section=plen&language=fr&cfm=plen.cfm?date=05022026',
 'active'),

('c0000001-0000-0000-0000-000000000035',
 'a0000001-0000-0000-0000-000000000006',
 'b0000001-0000-0000-0000-000000000009',
 '2026-02-18',
 'Nous garantirons que le budget de l''INAMI ne sera pas amputé en deçà de la norme de croissance de 2,5% pour l''exercice 2026.',
 'promise', 'strong',
 'Engagement pris en séance plénière lors du vote final du budget de la sécurité sociale.',
 'https://www.lachambre.be/kvvcr/showpage.cfm?section=plen&language=fr&cfm=plen.cfm?date=18022026',
 'active'),

-- ============================================================
-- STATEMENTS — Ahmed Laaouej
-- ============================================================

('c0000001-0000-0000-0000-000000000036',
 'a0000001-0000-0000-0000-000000000007',
 'b0000001-0000-0000-0000-000000000001',
 '2025-10-15',
 'Le service de la dette de l''État fédéral belge représente désormais plus de 10 milliards d''euros par an, soit davantage que le budget fédéral total consacré à l''enseignement.',
 'fact_claim', 'strong',
 'Interpellation budgétaire sur la soutenabilité de la dette publique belge.',
 'https://www.lachambre.be/kvvcr/showpage.cfm?section=plen&language=fr&cfm=plen.cfm?date=15102025',
 'active'),

('c0000001-0000-0000-0000-000000000037',
 'a0000001-0000-0000-0000-000000000007',
 'b0000001-0000-0000-0000-000000000003',
 '2025-11-18',
 'Le groupe PS demande formellement au gouvernement de publier une étude d''impact social complète pour chacune de ses mesures budgétaires avant le vote final.',
 'promise', 'strong',
 'Lors de la commission Budget spéciale, demande formelle du groupe PS.',
 'https://www.lachambre.be/kvvcr/showpage.cfm?section=comm&language=fr',
 'active'),

('c0000001-0000-0000-0000-000000000038',
 'a0000001-0000-0000-0000-000000000007',
 'b0000001-0000-0000-0000-000000000007',
 '2026-01-28',
 'La dette publique de la Belgique représente 105% de son PIB, soit le quatrième niveau le plus élevé de la zone euro après la Grèce, l''Italie et le Portugal.',
 'fact_claim', 'strong',
 'Commission des Finances, lors du débat sur le programme de stabilité transmis à la Commission européenne.',
 'https://www.lachambre.be/kvvcr/showpage.cfm?section=comm&language=fr',
 'active'),

('c0000001-0000-0000-0000-000000000039',
 'a0000001-0000-0000-0000-000000000007',
 'b0000001-0000-0000-0000-000000000008',
 '2026-02-05',
 'Cette coalition mène une politique d''austérité déguisée : on coupe dans les services publics tout en maintenant intacts les niches fiscales qui profitent aux plus fortunés.',
 'other', 'strong',
 'Déclaration lors du débat sur les coupes budgétaires dans les services fédéraux.',
 'https://www.lachambre.be/kvvcr/showpage.cfm?section=plen&language=fr&cfm=plen.cfm?date=05022026',
 'active'),

('c0000001-0000-0000-0000-000000000040',
 'a0000001-0000-0000-0000-000000000007',
 'b0000001-0000-0000-0000-000000000009',
 '2026-02-18',
 'Nous déposerons en commission des Finances un amendement visant à plafonner les déductions fiscales pour les revenus supérieurs à 150 000 euros par an.',
 'promise', 'strong',
 'Annonce lors de la séance plénière de février sur la réforme fiscale en discussion.',
 'https://www.lachambre.be/kvvcr/showpage.cfm?section=plen&language=fr&cfm=plen.cfm?date=18022026',
 'active'),

-- ============================================================
-- STATEMENTS — David Clarinval
-- ============================================================

('c0000001-0000-0000-0000-000000000041',
 'a0000001-0000-0000-0000-000000000008',
 'b0000001-0000-0000-0000-000000000003',
 '2025-11-18',
 'Le programme de consolidation budgétaire du gouvernement Arizona prévoit 24 milliards d''euros d''efforts cumulés sur la législature, dont 60% côté dépenses et 40% côté recettes.',
 'fact_claim', 'strong',
 'Présentation par le Ministre du Budget du plan pluriannuel devant la commission spéciale.',
 'https://www.lachambre.be/kvvcr/showpage.cfm?section=comm&language=fr',
 'active'),

('c0000001-0000-0000-0000-000000000042',
 'a0000001-0000-0000-0000-000000000008',
 'b0000001-0000-0000-0000-000000000004',
 '2025-12-10',
 'Le déficit pour 2025 sera ramené à 4,8% du PIB grâce aux premières mesures du gouvernement, contre une trajectoire de 5,9% sans intervention.',
 'fact_claim', 'strong',
 'Déclaration du Ministre du Budget lors du débat sur le budget 2026 en séance plénière.',
 'https://www.lachambre.be/kvvcr/showpage.cfm?section=plen&language=fr&cfm=plen.cfm?date=10122025',
 'active'),

('c0000001-0000-0000-0000-000000000043',
 'a0000001-0000-0000-0000-000000000008',
 'b0000001-0000-0000-0000-000000000007',
 '2026-01-28',
 'Nous visons un taux de pression fiscale global inférieur à 44% du PIB d''ici la fin de la législature, contre 46,2% actuellement.',
 'promise', 'strong',
 'Commission des Finances, présentation des objectifs fiscaux du programme de stabilité.',
 'https://www.lachambre.be/kvvcr/showpage.cfm?section=comm&language=fr',
 'active'),

('c0000001-0000-0000-0000-000000000044',
 'a0000001-0000-0000-0000-000000000008',
 'b0000001-0000-0000-0000-000000000008',
 '2026-02-05',
 'La réforme de la fiscalité des voitures de société générera 800 millions d''euros de recettes supplémentaires à terme, selon les estimations du SPF Finances.',
 'fact_claim', 'strong',
 'Présentation des recettes de la réforme fiscale lors de la séance plénière de février.',
 'https://www.lachambre.be/kvvcr/showpage.cfm?section=plen&language=fr&cfm=plen.cfm?date=05022026',
 'active'),

('c0000001-0000-0000-0000-000000000045',
 'a0000001-0000-0000-0000-000000000008',
 'b0000001-0000-0000-0000-000000000009',
 '2026-02-18',
 'Le gouvernement ne procédera à aucune émission de dette supplémentaire au-delà du plan de financement présenté au Parlement en janvier 2026.',
 'promise', 'strong',
 'Engagement du Ministre du Budget lors du vote final du budget 2026.',
 'https://www.lachambre.be/kvvcr/showpage.cfm?section=plen&language=fr&cfm=plen.cfm?date=18022026',
 'active'),

-- ============================================================
-- PAIRES COMPARABLES — spécialement pour le test Sophie
-- ============================================================

-- Paire 1 : De Wever vs Magnette — projections déficit (même commission, même jour)
('c0000001-0000-0000-0000-000000000046',
 'a0000001-0000-0000-0000-000000000001',
 'b0000001-0000-0000-0000-000000000010',
 '2025-12-04',
 'La trajectoire actuelle sans intervention conduirait à un déficit de 6,7% du PIB en 2030, selon les projections de la Cour des comptes.',
 'fact_claim', 'strong',
 'Lors de la commission des Affaires sociales, argumentation sur l''urgence de la réforme.',
 'https://www.lachambre.be/kvvcr/showpage.cfm?section=comm&language=fr',
 'active'),

('c0000001-0000-0000-0000-000000000047',
 'a0000001-0000-0000-0000-000000000003',
 'b0000001-0000-0000-0000-000000000010',
 '2025-12-04',
 'La Cour des comptes elle-même a signalé que les hypothèses de croissance retenues par le gouvernement pour son plan budgétaire sont trop optimistes.',
 'fact_claim', 'strong',
 'Réponse de P. Magnette lors de la même commission des Affaires sociales.',
 'https://www.lachambre.be/kvvcr/showpage.cfm?section=comm&language=fr',
 'active'),

-- Paire 2 : De Wever vs Hedebouw — pensions 67 ans (même séance)
('c0000001-0000-0000-0000-000000000048',
 'a0000001-0000-0000-0000-000000000001',
 'b0000001-0000-0000-0000-000000000006',
 '2026-01-21',
 'L''âge légal de la pension restera fixé à 67 ans. Il n''y aura pas de retour en arrière sur ce point dans cette législature.',
 'promise', 'strong',
 'Déclaration de position ferme lors du débat sur la réforme des pensions.',
 'https://www.lachambre.be/kvvcr/showpage.cfm?section=plen&language=fr&cfm=plen.cfm?date=21012026',
 'active'),

('c0000001-0000-0000-0000-000000000049',
 'a0000001-0000-0000-0000-000000000004',
 'b0000001-0000-0000-0000-000000000006',
 '2026-01-21',
 'Maintenir l''âge de la pension à 67 ans pour des travailleurs manuels qui ont commencé à travailler à 18 ans est socialement injuste et médicalement irresponsable.',
 'other', 'strong',
 'Réponse immédiate de R. Hedebouw à la déclaration du Premier ministre lors du même débat.',
 'https://www.lachambre.be/kvvcr/showpage.cfm?section=plen&language=fr&cfm=plen.cfm?date=21012026',
 'active'),

-- Paire 3 : Bouchez vs Laaouej — fiscalité du capital (même commission)
('c0000001-0000-0000-0000-000000000050',
 'a0000001-0000-0000-0000-000000000002',
 'b0000001-0000-0000-0000-000000000007',
 '2026-01-28',
 'Toute taxe sur les plus-values mobilières entraînerait une fuite des capitaux et une réduction des investissements productifs en Belgique.',
 'other', 'medium',
 'Lors de la Commission des Finances, débat sur la proposition de taxe sur les plus-values.',
 'https://www.lachambre.be/kvvcr/showpage.cfm?section=comm&language=fr',
 'active');
